Channel Noise,Burst Duration (Qubits),Burst % of Session,CUSUM Detection Rate,Whole-Session Det Rate,Detection Advantage,Mean Detection Delay (Bits)
1.0%,30,1.5%,0.0%,0.0%,+0.0%,-
1.0%,80,4.0%,0.0%,0.0%,+0.0%,-
1.0%,150,7.5%,10.0%,0.0%,+10.0%,50
1.0%,250,12.5%,93.3%,0.0%,+93.3%,98
1.0%,400,20.0%,100.0%,0.0%,+100.0%,118
3.0%,30,1.5%,0.0%,0.0%,+0.0%,-
3.0%,80,4.0%,0.0%,0.0%,+0.0%,-
3.0%,150,7.5%,3.3%,0.0%,+3.3%,50
3.0%,250,12.5%,90.0%,0.0%,+90.0%,96
3.0%,400,20.0%,100.0%,0.0%,+100.0%,120
6.0%,30,1.5%,0.0%,0.0%,+0.0%,-
6.0%,80,4.0%,0.0%,0.0%,+0.0%,-
6.0%,150,7.5%,3.3%,0.0%,+3.3%,0
6.0%,250,12.5%,33.3%,0.0%,+33.3%,110
6.0%,400,20.0%,100.0%,20.0%,+80.0%,138
