scenario,strength,n_sifted,qber,qber_z,qber_x,ratio_zx,diff_zx
standard_eve,0.27540549602346787,507,0.05917159763313609,0.048327137546468404,0.07142857142857142,0.6770320807375252,-0.02310143388210302
standard_eve,0.16482988511817723,527,0.04174573055028463,0.04081632653061224,0.0425531914893617,0.9592793669570386,-0.0017368649587494595
standard_eve,0.3033373135707562,490,0.07959183673469387,0.06666666666666667,0.092,0.7249366630474122,-0.025333333333333333
standard_eve,0.25013144958959005,519,0.07321772639691715,0.09302325581395349,0.05363984674329502,1.7328530216839932,0.039383409070658466
standard_eve,0.05107852480292434,489,0.012269938650306749,0.011811023622047244,0.01276595744680851,0.9257782540701514,-0.000954933824761266
standard_eve,0.34195537604012943,508,0.09055118110236221,0.09863945578231292,0.0794392523364486,1.2413928077252734,0.01920020344586433
standard_eve,0.2711761016568165,520,0.06923076923076923,0.0778688524590164,0.06159420289855073,1.263795442616019,0.01627464956046567
standard_eve,0.27940122074139473,495,0.08484848484848485,0.08085106382978724,0.08846153846153847,0.9140656907732425,-0.007610474631751227
standard_eve,0.06227749878293014,510,0.01568627450980392,0.018315018315018316,0.012658227848101266,1.4433837155337306,0.00565679046691705
standard_eve,0.16862735950553712,539,0.03896103896103896,0.05102040816326531,0.024489795918367346,2.0789277118433067,0.02653061224489796
standard_eve,0.1423633479967518,494,0.030364372469635626,0.023346303501945526,0.0379746835443038,0.615797724875726,-0.014628380042358273
standard_eve,0.3258324463200386,483,0.07867494824016563,0.08547008547008547,0.07228915662650602,1.1820842990558218,0.01318092884357945
standard_eve,0.23247548962661926,502,0.045816733067729085,0.041044776119402986,0.05128205128205128,0.8007616491125887,-0.010237275162648295
standard_eve,0.2915113323793739,497,0.08249496981891348,0.08333333333333333,0.08171206225680934,1.019817017586414,0.001621271076523989
standard_eve,0.16632668561301925,494,0.03441295546558704,0.03734439834024896,0.03162055335968379,1.1804459372338714,0.0057238449805651695
standard_eve,0.09498877818897637,490,0.036734693877551024,0.03111111111111111,0.04150943396226415,0.7500969885679448,-0.010398322851153038
standard_eve,0.20301297971522544,467,0.047109207708779445,0.04680851063829787,0.04741379310344827,0.987260910451149,-0.000605282465150403
standard_eve,0.041059694514377854,477,0.010482180293501049,0.013574660633484163,0.0078125,1.728235151151237,0.005762160633484163
standard_eve,0.2931182867575521,503,0.061630218687872766,0.0703125,0.05263157894736842,1.3353004291845494,0.017680921052631582
standard_eve,0.22844925171028135,523,0.055449330783938815,0.05223880597014925,0.058823529411764705,0.8882496770415667,-0.006584723441615453
standard_eve,0.27016895422817333,509,0.07072691552062868,0.07335907335907337,0.068,1.078694175610475,0.00535907335907336
standard_eve,0.13699356948285654,516,0.03682170542635659,0.030042918454935622,0.04240282685512368,0.7091979683535312,-0.012359908400188056
standard_eve,0.34033034805031803,477,0.07127882599580712,0.05785123966942149,0.0851063829787234,0.6801279158146204,-0.027255143309301913
standard_eve,0.3147299700363252,494,0.07692307692307693,0.07307692307692308,0.0811965811965812,0.900123006402641,-0.008119658119658119
standard_eve,0.2768665540343414,517,0.06382978723404255,0.06060606060606061,0.06719367588932806,0.9021064729157979,-0.006587615283267456
standard_eve,0.08423077359114929,510,0.01568627450980392,0.011764705882352941,0.0196078431372549,0.602029648791165,-0.00784313725490196
standard_eve,0.17401793122992126,500,0.032,0.03125,0.03278688524590164,0.9532675340212352,-0.001536885245901641
standard_eve,0.03445524270978549,528,0.00946969696969697,0.0076045627376425855,0.011320754716981131,0.6746106477697953,-0.003716191979338546
standard_eve,0.07091553238229077,515,0.021359223300970873,0.019157088122605363,0.023622047244094488,0.8117801943674714,-0.004464959121489125
standard_eve,0.24540615457001,512,0.05078125,0.051181102362204724,0.050387596899224806,1.0157168396143668,0.0007935054629799182
standard_eve,0.2657715114495796,520,0.07692307692307693,0.08812260536398467,0.06563706563706563,1.3420526838094922,0.022485539726919038
standard_eve,0.33927821170328926,511,0.07436399217221135,0.072992700729927,0.0759493670886076,0.9611217493074506,-0.002956666358680596
standard_eve,0.12752236818559012,523,0.028680688336520075,0.026717557251908396,0.03065134099616858,0.8720776520038489,-0.0039337837442601845
standard_eve,0.14225170299150672,479,0.033402922755741124,0.0398406374501992,0.02631578947368421,1.511998628319954,0.013524847976514993
standard_eve,0.17495341772101658,482,0.05394190871369295,0.04780876494023904,0.06060606060606061,0.7891924539649021,-0.012797295665821565
standard_eve,0.08252554849781428,507,0.01775147928994083,0.01509433962264151,0.02066115702479339,0.7318638168622358,-0.0055668174021518795
standard_eve,0.06287409676070564,515,0.015533980582524271,0.0176678445229682,0.01293103448275862,1.3635022258959455,0.004736810040209578
standard_eve,0.1769826256545581,529,0.043478260869565216,0.04332129963898917,0.04365079365079365,0.9924688449212051,-0.0003294940118044806
standard_eve,0.09488008518679175,507,0.023668639053254437,0.023346303501945526,0.024,0.9728756639811421,-0.0006536964980544749
standard_eve,0.24103861824522838,496,0.06048387096774194,0.0625,0.058333333333333334,1.0713063320022818,0.004166666666666666
standard_eve,0.16426013322786912,491,0.03665987780040733,0.029661016949152543,0.043137254901960784,0.6883188356114369,-0.01347623795280824
standard_eve,0.2947838046990863,506,0.0691699604743083,0.051587301587301584,0.08661417322834646,0.5960652066784078,-0.03502687164104487
standard_eve,0.2510874836607422,516,0.050387596899224806,0.03643724696356275,0.06319702602230483,0.5772348127491429,-0.026759779058742078
standard_eve,0.12308099165607354,496,0.03024193548387097,0.02834008097165992,0.0321285140562249,0.8824508918420566,-0.0037884330845649773
standard_eve,0.2946457344604163,516,0.0755813953488372,0.07086614173228346,0.08015267175572519,0.8842838522347485,-0.009286530023441722
standard_eve,0.2855722379739446,505,0.08316831683168317,0.08333333333333333,0.08300395256916997,1.0039634789198408,0.0003293807641633617
standard_eve,0.14786786507995756,514,0.03696498054474708,0.0392156862745098,0.03474903474903475,1.1281714560429474,0.004466651525475054
standard_eve,0.11514827429698055,497,0.026156941649899398,0.02459016393442623,0.02766798418972332,0.8891593918280837,-0.003077820255297091
standard_eve,0.24522351631174188,482,0.06846473029045644,0.060085836909871244,0.07630522088353414,0.787718904727906,-0.016219383973662897
standard_eve,0.06611831959107223,501,0.015968063872255488,0.012244897959183673,0.01953125,0.6288391192197986,-0.007286352040816327
standard_eve,0.08596970681678574,504,0.01984126984126984,0.022813688212927757,0.016597510373443983,1.372281717481074,0.006216177839483774
standard_eve,0.02242954901783182,521,0.005758157389635317,0.0,0.011811023622047244,0.008395584055000993,-0.011811023622047244
standard_eve,0.27968504457570564,502,0.07171314741035857,0.07692307692307693,0.06611570247933884,1.1632146762636897,0.010807374443738083
standard_eve,0.23940078267537057,484,0.06198347107438017,0.05668016194331984,0.06751054852320675,0.8398121769982465,-0.010830386579886907
standard_eve,0.2527045749466906,494,0.06275303643724696,0.06854838709677419,0.056910569105691054,1.204134394264824,0.011637817991083134
standard_eve,0.2776405802372494,521,0.0710172744721689,0.07954545454545454,0.0622568093385214,1.2772535251615729,0.017288645206933143
standard_eve,0.17144220592765216,496,0.05241935483870968,0.052,0.052845528455284556,0.9840302197380341,-0.0008455284552845582
standard_eve,0.2076845946644549,507,0.05917159763313609,0.05952380952380952,0.058823529411764705,1.0118845581558968,0.0007002801120448154
standard_eve,0.06613300938212695,499,0.026052104208416832,0.02531645569620253,0.026717557251908396,0.9477543184658939,-0.001401101555705865
standard_eve,0.05779492426687123,500,0.008,0.007407407407407408,0.008695652173913044,0.8535361857161167,-0.001288244766505636
z_biased_eve,0.24057297739085562,507,0.04930966469428008,0.0,0.10504201680672269,0.0009510945579808023,-0.10504201680672269
z_biased_eve,0.17546174802723372,527,0.04174573055028463,0.0,0.07801418439716312,0.0012801772273721866,-0.07801418439716312
z_biased_eve,0.2065279151387923,490,0.05714285714285714,0.0,0.112,0.0008920606601248885,-0.112
z_biased_eve,0.2724496229472884,519,0.06551059730250482,0.0,0.13026819923371646,0.0007670582288302216,-0.13026819923371646
z_biased_eve,0.22945704560019492,489,0.05725971370143149,0.0,0.11914893617021277,0.0008385819044730315,-0.11914893617021277
z_biased_eve,0.2026812022171386,508,0.03346456692913386,0.0,0.0794392523364486,0.0012572408850035838,-0.0794392523364486
z_biased_eve,0.20453836304598644,520,0.04423076923076923,0.0,0.08333333333333333,0.0011985617259288855,-0.08333333333333333
z_biased_eve,0.12030353236066202,495,0.04040404040404041,0.0,0.07692307692307693,0.001298312194147608,-0.07692307692307693
z_biased_eve,0.03016988540742,510,0.0058823529411764705,0.0,0.012658227848101266,0.007838079174521282,-0.012658227848101266
z_biased_eve,0.16411673844667954,539,0.02411873840445269,0.0,0.053061224489795916,0.0018810702906061653,-0.053061224489795916
z_biased_eve,0.09081294203044463,494,0.02834008097165992,0.0,0.05907172995780591,0.0016899962206835572,-0.05907172995780591
z_biased_eve,0.15481445242912992,483,0.033126293995859216,0.0,0.0642570281124498,0.0015538318491847064,-0.0642570281124498
z_biased_eve,0.3016230141784948,502,0.06772908366533864,0.0,0.1452991452991453,0.0006877619520682825,-0.1452991452991453
z_biased_eve,0.09720003033556245,497,0.028169014084507043,0.0,0.054474708171206226,0.001832350613516616,-0.054474708171206226
z_biased_eve,0.03923990475739178,494,0.010121457489878543,0.0,0.019762845849802372,0.005034525301972022,-0.019762845849802372
z_biased_eve,0.11285668436725885,490,0.0326530612244898,0.0,0.06037735849056604,0.001653511371790472,-0.06037735849056604
z_biased_eve,0.11688594006300558,467,0.027837259100642397,0.0,0.05603448275862069,0.0017814362061551693,-0.05603448275862069
z_biased_eve,0.23843244985987533,477,0.05870020964360587,0.0,0.109375,0.0009134505594884677,-0.109375
z_biased_eve,0.20382061027262183,503,0.05168986083499006,0.0,0.10526315789473684,0.0009490983565612668,-0.10526315789473684
z_biased_eve,0.27868640900511643,523,0.0745697896749522,0.0,0.15294117647058825,0.000653418918399508,-0.15294117647058825
z_biased_eve,0.23922346830803784,509,0.06483300589390963,0.0,0.132,0.0007570022710068131,-0.132
z_biased_eve,0.15410766427522324,516,0.046511627906976744,0.0,0.08480565371024736,0.0011777778702613169,-0.08480565371024736
z_biased_eve,0.2886267269397914,477,0.06289308176100629,0.0,0.1276595744680851,0.0007827202025080355,-0.1276595744680851
z_biased_eve,0.07510106356954228,494,0.018218623481781375,0.0,0.038461538461538464,0.0025932575304209054,-0.038461538461538464
z_biased_eve,0.027494984134173957,517,0.0019342359767891683,0.0,0.003952569169960474,0.024675704671803377,-0.003952569169960474
z_biased_eve,0.04971579405596177,510,0.011764705882352941,0.0,0.023529411764705882,0.004232013940751805,-0.023529411764705882
z_biased_eve,0.2583785856968286,500,0.066,0.0,0.13524590163934427,0.000738847639926842,-0.13524590163934427
z_biased_eve,0.1724194859829578,528,0.03977272727272727,0.0,0.07924528301886792,0.0012603143652058118,-0.07924528301886792
z_biased_eve,0.07321968708108859,515,0.02330097087378641,0.0,0.047244094488188976,0.0021121958521130276,-0.047244094488188976
z_biased_eve,0.18534477578410993,512,0.04296875,0.0,0.08527131782945736,0.001171353594421088,-0.08527131782945736
z_biased_eve,0.07026299389534557,520,0.01730769230769231,0.0,0.03474903474903475,0.002869519937069987,-0.03474903474903475
z_biased_eve,0.24978572377565286,511,0.0547945205479452,0.0,0.11814345991561181,0.0008457127360055953,-0.11814345991561181
z_biased_eve,0.1672315709394301,523,0.04206500956022945,0.0,0.0842911877394636,0.0011849578454651527,-0.0842911877394636
z_biased_eve,0.1457370046118392,479,0.031315240083507306,0.0,0.06578947368421052,0.0015176931064781532,-0.06578947368421052
z_biased_eve,0.11949898941879925,482,0.026970954356846474,0.0,0.05627705627705628,0.0017737712219056906,-0.05627705627705628
z_biased_eve,0.22799325572923315,507,0.045364891518737675,0.0,0.09504132231404959,0.0010510680067059876,-0.09504132231404959
z_biased_eve,0.13939816148261883,515,0.03495145631067961,0.0,0.07758620689655173,0.0012872297927116162,-0.07758620689655173
z_biased_eve,0.048924473374313326,529,0.015122873345935728,0.0,0.031746031746031744,0.003140108657728156,-0.031746031746031744
z_biased_eve,0.058941947699770056,507,0.015779092702169626,0.0,0.032,0.003115264797507788,-0.032
z_biased_eve,0.33742622930133975,496,0.07056451612903226,0.0,0.14583333333333334,0.0006852444038373687,-0.14583333333333334
z_biased_eve,0.31983162793351033,491,0.0855397148676171,0.0,0.16470588235294117,0.0006067744583645644,-0.16470588235294117
z_biased_eve,0.25090335415754733,506,0.06324110671936758,0.0,0.12598425196850394,0.0007931204606343716,-0.12598425196850394
z_biased_eve,0.10773708728164146,516,0.03294573643410853,0.0,0.06319702602230483,0.0015798530560466087,-0.06319702602230483
z_biased_eve,0.3398282045247489,496,0.07862903225806452,0.0,0.1566265060240964,0.0006380541654174643,-0.1566265060240964
z_biased_eve,0.27698779830871223,516,0.06782945736434108,0.0,0.13358778625954199,0.0007480114885428623,-0.13358778625954199
z_biased_eve,0.25657376242246854,505,0.06534653465346535,0.0,0.13043478260869565,0.0007660793391733006,-0.13043478260869565
z_biased_eve,0.16828929570745024,514,0.04474708171206226,0.0,0.0888030888030888,0.001124820311041045,-0.0888030888030888
z_biased_eve,0.10983971540890247,497,0.028169014084507043,0.0,0.05533596837944664,0.0018038829828951966,-0.05533596837944664
z_biased_eve,0.05180901751065477,482,0.016597510373443983,0.0,0.0321285140562249,0.0031028424030205984,-0.0321285140562249
z_biased_eve,0.3178587908594677,501,0.0718562874251497,0.0,0.140625,0.0007106057914372003,-0.140625
z_biased_eve,0.1704061756450916,504,0.04563492063492063,0.0,0.0954356846473029,0.0010467292966934647,-0.0954356846473029
z_biased_eve,0.086779910382426,521,0.019193857965451054,0.0,0.03937007874015748,0.0025335647455463125,-0.03937007874015748
z_biased_eve,0.12096568596971531,502,0.025896414342629483,0.0,0.05371900826446281,0.001858079574945102,-0.05371900826446281
z_biased_eve,0.21114245775082563,484,0.03925619834710744,0.0,0.08016877637130802,0.0012458144314723212,-0.08016877637130802
z_biased_eve,0.07833501836994645,494,0.010121457489878543,0.0,0.02032520325203252,0.004895912112406958,-0.02032520325203252
z_biased_eve,0.3026827137504839,521,0.0690978886756238,0.0,0.14007782101167315,0.0007133796151081034,-0.14007782101167315
z_biased_eve,0.2703114448456193,496,0.07056451612903226,0.0,0.14227642276422764,0.0007023634816671712,-0.14227642276422764
z_biased_eve,0.2574227754638091,507,0.05719921104536489,0.0,0.11372549019607843,0.0008785378374188214,-0.11372549019607843
z_biased_eve,0.1625907031257842,499,0.04208416833667335,0.0,0.08015267175572519,0.0012460644338967576,-0.08015267175572519
z_biased_eve,0.2270119174318062,500,0.042,0.0,0.09130434782608696,0.0010940398611045045,-0.09130434782608696
depolarizing_noise,0.2127523297412027,501,0.11177644710578842,0.11067193675889328,0.11290322580645161,0.980254642895062,-0.0022312890475583297
depolarizing_noise,0.23444937851309056,498,0.10642570281124498,0.10852713178294573,0.10416666666666667,1.041820317611372,0.004360465116279064
depolarizing_noise,0.047866625976163396,498,0.012048192771084338,0.013574660633484163,0.010830324909747292,1.2510754022773436,0.0027443357237368713
depolarizing_noise,0.15721644271630114,502,0.08366533864541832,0.08203125,0.08536585365853659,0.960983205387974,-0.003334603658536592
depolarizing_noise,0.033732677374424515,488,0.012295081967213115,0.0125,0.012096774193548387,1.0330600370272416,0.00040322580645161393
depolarizing_noise,0.18301697035069123,529,0.08128544423440454,0.08070175438596491,0.08196721311475409,0.9845802156456843,-0.0012654587287891789
depolarizing_noise,0.12885420006981912,495,0.0707070707070707,0.06995884773662552,0.07142857142857142,0.9794526346242832,-0.0014697236919459095
depolarizing_noise,0.06769298232579547,528,0.028409090909090908,0.026923076923076925,0.029850746268656716,0.9022505376220431,-0.0029276693455797913
depolarizing_noise,0.05412297934844204,505,0.0297029702970297,0.03162055335968379,0.027777777777777776,1.1378436836873422,0.003842775581906016
depolarizing_noise,0.21392270881864495,483,0.08695652173913043,0.08571428571428572,0.08823529411764706,0.9714609157240841,-0.0025210084033613495
depolarizing_noise,0.0762956796171724,508,0.047244094488188976,0.048,0.046511627906976744,1.0319313476026544,0.0014883720930232575
depolarizing_noise,0.32528963906434305,490,0.14285714285714285,0.1440329218106996,0.1417004048582996,1.0164492968460201,0.002332516952399999
depolarizing_noise,0.2117501761011303,485,0.10103092783505155,0.10080645161290322,0.10126582278481013,0.995468184844885,-0.00045937117190690546
depolarizing_noise,0.13446703549649622,480,0.09166666666666666,0.09274193548387097,0.09051724137931035,1.0245504505621439,0.0022246941045606233
depolarizing_noise,0.2150021121888675,507,0.10848126232741617,0.11013215859030837,0.10714285714285714,1.02787413098729,0.0029893014474512286
depolarizing_noise,0.027525277439800173,474,0.008438818565400843,0.007874015748031496,0.00909090909090909,0.8675981526048117,-0.0012168933428775945
depolarizing_noise,0.33632454036967696,515,0.13009708737864079,0.13026819923371646,0.12992125984251968,1.002668328176615,0.00034693939119678774
depolarizing_noise,0.17916013419115706,493,0.06896551724137931,0.07172995780590717,0.06640625,1.080048233149624,0.005323707805907171
depolarizing_noise,0.27830262499259445,477,0.129979035639413,0.13025210084033614,0.1297071129707113,1.004198443807527,0.0005449878696248411
depolarizing_noise,0.047300899974404724,513,0.0,0.0,0.0,1.0,0.0
depolarizing_noise,0.1805972491765929,495,0.08686868686868687,0.0860655737704918,0.08764940239043825,0.9819505480743987,-0.0015838286199464507
depolarizing_noise,0.18193330813699188,495,0.09494949494949495,0.0970464135021097,0.09302325581395349,1.0432025024575373,0.004023157688156212
depolarizing_noise,0.32948273014174434,496,0.1431451612903226,0.140625,0.14583333333333334,0.964310187300137,-0.005208333333333343
depolarizing_noise,0.20867025728410485,510,0.08823529411764706,0.08846153846153847,0.088,1.0052388020605956,0.00046153846153847156
depolarizing_noise,0.17625150234879472,510,0.09411764705882353,0.09583333333333334,0.09259259259259259,1.0349622407799577,0.0032407407407407524
depolarizing_noise,0.10810196882032487,470,0.0574468085106383,0.053497942386831275,0.06167400881057269,0.8676455263116731,-0.008176066423741413
depolarizing_noise,0.1294177691230422,497,0.056338028169014086,0.058091286307053944,0.0546875,1.0621270601333141,0.0034037863070539437
depolarizing_noise,0.19182189281560744,509,0.08644400785854617,0.08494208494208494,0.088,0.9652904079691821,-0.003057915057915056
depolarizing_noise,0.16484078190066537,498,0.05622489959839357,0.05813953488372093,0.05416666666666667,1.0732101022798697,0.003972868217054261
depolarizing_noise,0.02713198636050904,516,0.007751937984496124,0.00784313725490196,0.007662835249042145,1.0232263084395694,0.00018030200585981548
depolarizing_noise,0.2926763349841381,501,0.13373253493013973,0.14122137404580154,0.12552301255230125,1.1249640585315888,0.01569836149350029
depolarizing_noise,0.315733054707123,529,0.16824196597353497,0.16730038022813687,0.16917293233082706,0.9889376755225668,-0.0018725521026901892
depolarizing_noise,0.06628219936954155,493,0.04056795131845842,0.0398406374501992,0.04132231404958678,0.964229989719699,-0.0014816765993875755
depolarizing_noise,0.20283192736788627,522,0.1111111111111111,0.11023622047244094,0.11194029850746269,0.9847904900493616,-0.0017040780350217472
depolarizing_noise,0.05582999457469637,506,0.025691699604743084,0.024096385542168676,0.027237354085603113,0.8851034180704199,-0.0031409685434344373
depolarizing_noise,0.24183923070313781,509,0.10019646365422397,0.09774436090225563,0.102880658436214,0.9501236677648572,-0.005136297533958362
depolarizing_noise,0.11280714866687273,491,0.05091649694501019,0.05179282868525897,0.05,1.0357850036977838,0.001792828685258964
depolarizing_noise,0.23760946944832756,499,0.09218436873747494,0.09170305676855896,0.09259259259259259,0.9904033774527878,-0.0008895358240336299
depolarizing_noise,0.25990822271467123,505,0.1188118811881188,0.11693548387096774,0.12062256809338522,0.9694582025494576,-0.0036870842224174805
depolarizing_noise,0.2736536723328268,526,0.11787072243346007,0.11244979919678715,0.12274368231046931,0.9162033983345933,-0.010293883113682165
depolarizing_noise,0.055554512165445866,492,0.036585365853658534,0.036585365853658534,0.036585365853658534,1.0,0.0
depolarizing_noise,0.3222839088954106,482,0.14522821576763487,0.14345991561181434,0.1469387755102041,0.9763405272771173,-0.0034788598983897523
depolarizing_noise,0.09597061699531066,507,0.07297830374753451,0.07172995780590717,0.07407407407407407,0.9683970943024386,-0.0023441162681668987
depolarizing_noise,0.032346143538139326,484,0.02066115702479339,0.021367521367521368,0.02,1.0680358889314112,0.0013675213675213675
depolarizing_noise,0.20310131489918948,497,0.08450704225352113,0.07964601769911504,0.08856088560885608,0.8994498210961863,-0.00891486790974104
depolarizing_noise,0.14240435367460477,474,0.08649789029535865,0.08536585365853659,0.08771929824561403,0.9732012822455572,-0.0023534445870774384
depolarizing_noise,0.2938306152336963,510,0.1607843137254902,0.16044776119402984,0.16115702479338842,0.9956016576625587,-0.0007092635993585783
depolarizing_noise,0.2867229857812196,509,0.12966601178781925,0.12941176470588237,0.12992125984251968,0.9960814474705567,-0.0005094951366373113
depolarizing_noise,0.12465583463149606,481,0.07068607068607069,0.07456140350877193,0.06719367588932806,1.1094861816073314,0.007367727619443862
depolarizing_noise,0.33445680037301584,517,0.15473887814313347,0.15471698113207547,0.15476190476190477,0.9997099116797099,-4.492362982930209e-05
depolarizing_noise,0.11600288658623914,520,0.04423076923076923,0.04435483870967742,0.04411764705882353,1.005364185266085,0.00023719165085388932
depolarizing_noise,0.18996885264646576,508,0.11220472440944881,0.11328125,0.1111111111111111,1.019513687681087,0.002170138888888895
depolarizing_noise,0.1044684798873089,517,0.048355899419729204,0.04065040650406504,0.055350553505535055,0.7348962981947033,-0.014700147001470015
depolarizing_noise,0.3288943781161579,488,0.15778688524590165,0.15833333333333333,0.15725806451612903,1.0068332615840867,0.0010752688172042946
depolarizing_noise,0.07432057980206598,486,0.037037037037037035,0.03529411764705882,0.03896103896103896,0.9061233031298099,-0.003666921313980137
depolarizing_noise,0.034820504399468565,522,0.009578544061302681,0.010830324909747292,0.00816326530612245,1.3227609794458317,0.0026670596036248422
depolarizing_noise,0.1635820298010025,503,0.07157057654075547,0.07083333333333333,0.07224334600760456,0.9805094351853313,-0.0014100126742712243
depolarizing_noise,0.3474839361384262,483,0.15734989648033126,0.1566265060240964,0.1581196581196581,0.990562790279622,-0.0014931520955617228
depolarizing_noise,0.3142534978641216,466,0.12446351931330472,0.12735849056603774,0.1220472440944882,1.0434823275049985,0.005311246471549541
depolarizing_noise,0.2670406464207932,494,0.10931174089068826,0.11406844106463879,0.1038961038961039,1.0978145986959034,0.010172337168534884
dephasing_noise,0.3139615219899132,529,0.16446124763705103,0.0,0.3210332103321033,0.0003113972544184513,-0.3210332103321033
dephasing_noise,0.31483739110029485,501,0.15568862275449102,0.0,0.3107569721115538,0.0003216913531671219,-0.3107569721115538
dephasing_noise,0.19122325892752814,499,0.10420841683366733,0.0,0.21487603305785125,0.00046516813329181423,-0.21487603305785125
dephasing_noise,0.12425658710416168,484,0.05991735537190083,0.0,0.1228813559322034,0.0008131313827368072,-0.1228813559322034
dephasing_noise,0.27476410259662604,513,0.14814814814814814,0.0,0.2889733840304182,0.00034593292058143044,-0.2889733840304182
dephasing_noise,0.23834821684536112,500,0.114,0.0,0.228,0.00043840420868040335,-0.228
dephasing_noise,0.1433070505283243,495,0.0707070707070707,0.0,0.13513513513513514,0.000739452804924356,-0.13513513513513514
dephasing_noise,0.05117400046030003,459,0.0392156862745098,0.0,0.07531380753138076,0.0013260171217106176,-0.07531380753138076
dephasing_noise,0.26644057174517854,480,0.12083333333333333,0.0,0.24369747899159663,0.0004101765137753819,-0.24369747899159663
dephasing_noise,0.10661197025454534,504,0.05555555555555555,0.0,0.10852713178294573,0.0009205803224172013,-0.10852713178294573
dephasing_noise,0.32914833967614715,495,0.1494949494949495,0.0,0.3070539419087137,0.000325569645561378,-0.3070539419087137
dephasing_noise,0.09952028975187596,489,0.05112474437627812,0.0,0.102880658436214,0.0009710561334382979,-0.102880658436214
dephasing_noise,0.060510117695790386,491,0.02240325865580448,0.0,0.04247104247104247,0.0023490145929130502,-0.04247104247104247
dephasing_noise,0.294267181801219,499,0.1462925851703407,0.0,0.29554655870445345,0.00033824171821315255,-0.29554655870445345
dephasing_noise,0.07058382448608302,493,0.032454361054766734,0.0,0.0653061224489796,0.0015289088583107116,-0.0653061224489796
dephasing_noise,0.07915854169205389,513,0.04873294346978557,0.0,0.09293680297397769,0.0010748434684279716,-0.09293680297397769
dephasing_noise,0.21779632120187833,522,0.10919540229885058,0.0,0.22007722007722008,0.00045417959208008996,-0.22007722007722008
dephasing_noise,0.30860547347636325,490,0.1653061224489796,0.0,0.3360995850622407,0.00029744236591335173,-0.3360995850622407
dephasing_noise,0.08482343968580916,518,0.0444015444015444,0.0,0.08614232209737828,0.0011595235096648674,-0.08614232209737828
dephasing_noise,0.12240681205703127,517,0.05029013539651837,0.0,0.1087866108786611,0.0009183865600467262,-0.1087866108786611
dephasing_noise,0.2765435966195886,527,0.14041745730550284,0.0,0.2835249042145594,0.00035257834736667203,-0.2835249042145594
dephasing_noise,0.3407027206001192,503,0.18687872763419483,0.0,0.3657587548638132,0.00027332952586367346,-0.3657587548638132
dephasing_noise,0.18524459144677294,480,0.09791666666666667,0.0,0.19583333333333333,0.0005103776794828174,-0.19583333333333333
dephasing_noise,0.06748617584191276,505,0.033663366336633666,0.0,0.07296137339055794,0.001368712294326012,-0.07296137339055794
dephasing_noise,0.02459897494370651,510,0.011764705882352941,0.0,0.02247191011235955,0.004430285230723282,-0.02247191011235955
dephasing_noise,0.09578648989962223,500,0.058,0.0,0.11328125,0.0008819800452014773,-0.11328125
dephasing_noise,0.06350133186955194,488,0.030737704918032786,0.0,0.0625,0.001597444089456869,-0.0625
dephasing_noise,0.24362736229224294,491,0.12830957230142567,0.0,0.250996015936255,0.0003982540289503706,-0.250996015936255
dephasing_noise,0.060204726527415264,488,0.0430327868852459,0.0,0.08366533864541832,0.0011938112066054384,-0.08366533864541832
dephasing_noise,0.18708887743480887,503,0.0775347912524851,0.0,0.1517509727626459,0.0006585403977379011,-0.1517509727626459
dephasing_noise,0.2491066037621525,497,0.14285714285714285,0.0,0.28174603174603174,0.00035480364715622065,-0.28174603174603174
dephasing_noise,0.21176848104289775,490,0.08571428571428572,0.0,0.1810344827586207,0.000552075996116431,-0.1810344827586207
dephasing_noise,0.085925965047819,523,0.03824091778202677,0.0,0.07722007722007722,0.0012933251439385997,-0.07722007722007722
dephasing_noise,0.28536109364014667,494,0.1396761133603239,0.0,0.2749003984063745,0.00036363583681878046,-0.2749003984063745
dephasing_noise,0.2560843527732145,476,0.11554621848739496,0.0,0.2534562211981567,0.0003943898498228881,-0.2534562211981567
dephasing_noise,0.26386472129212873,492,0.1443089430894309,0.0,0.28063241106719367,0.00035621109660923645,-0.28063241106719367
dephasing_noise,0.06324905801391337,501,0.04790419161676647,0.0,0.0933852140077821,0.0010696878758995575,-0.0933852140077821
dephasing_noise,0.06083875520461371,479,0.03549060542797495,0.0,0.07391304347826087,0.0013511131997885214,-0.07391304347826087
dephasing_noise,0.3260956418321475,504,0.15873015873015872,0.0,0.3187250996015936,0.0003136515918130687,-0.3187250996015936
dephasing_noise,0.15120080396223037,511,0.0684931506849315,0.0,0.13108614232209737,0.0007622756354438187,-0.13108614232209737
dephasing_noise,0.11931306828771011,511,0.05283757338551859,0.0,0.11020408163265306,0.0009065847656755906,-0.11020408163265306
dephasing_noise,0.18123273496600598,504,0.07936507936507936,0.0,0.1568627450980392,0.0006370938526689237,-0.1568627450980392
dephasing_noise,0.23874519021198218,502,0.11952191235059761,0.0,0.23622047244094488,0.0004231541980561563,-0.23622047244094488
dephasing_noise,0.33535567482550005,513,0.18518518518518517,0.0,0.35580524344569286,0.0002809736631915031,-0.35580524344569286
dephasing_noise,0.11452725487107815,509,0.05697445972495088,0.0,0.12033195020746888,0.0008303444378981604,-0.12033195020746888
dephasing_noise,0.32518678167296894,528,0.1590909090909091,0.0,0.3193916349809886,0.0003129972401498103,-0.3193916349809886
dephasing_noise,0.028203632157464582,496,0.014112903225806451,0.0,0.029535864978902954,0.003374289904181557,-0.029535864978902954
dephasing_noise,0.20321535396785212,507,0.10256410256410256,0.0,0.2139917695473251,0.000467089417829745,-0.2139917695473251
dephasing_noise,0.22921178685475804,515,0.11844660194174757,0.0,0.22592592592592592,0.00044242712242122345,-0.22592592592592592
dephasing_noise,0.05494614323774859,514,0.019455252918287938,0.0,0.0390625,0.0025534631343759975,-0.0390625
dephasing_noise,0.06631206703109116,511,0.03913894324853229,0.0,0.07936507936507936,0.001258414397858698,-0.07936507936507936
dephasing_noise,0.15830772537438023,495,0.08282828282828283,0.0,0.1576923076923077,0.0006337444547360212,-0.1576923076923077
dephasing_noise,0.33885653100724994,497,0.16901408450704225,0.0,0.34710743801652894,0.00028801226313371624,-0.34710743801652894
dephasing_noise,0.216694042567343,492,0.10569105691056911,0.0,0.21138211382113822,0.00047285322712716676,-0.21138211382113822
dephasing_noise,0.32789766312806967,495,0.18787878787878787,0.0,0.3590733590733591,0.0002784170859943306,-0.3590733590733591
dephasing_noise,0.28543910215228036,501,0.15169660678642716,0.0,0.30522088353413657,0.00032752427165310316,-0.30522088353413657
dephasing_noise,0.17423592851324618,506,0.07509881422924901,0.0,0.15702479338842976,0.0006364367955144356,-0.15702479338842976
dephasing_noise,0.27897193825322186,482,0.14107883817427386,0.0,0.288135593220339,0.0003469384154910943,-0.288135593220339
dephasing_noise,0.025886138712405953,484,0.010330578512396695,0.0,0.02127659574468085,0.0046780133373146215,-0.02127659574468085
dephasing_noise,0.05601751893269252,510,0.027450980392156862,0.0,0.050724637681159424,0.001967549687758419,-0.050724637681159424
bit_flip_noise,0.29371144291130297,504,0.1626984126984127,0.311787072243346,0.0,3118.87072243346,0.311787072243346
bit_flip_noise,0.28294963914730337,519,0.14065510597302505,0.28185328185328185,0.0,2819.532818532818,0.28185328185328185
bit_flip_noise,0.09677144484892311,486,0.04526748971193416,0.09205020920502092,0.0,921.5020920502093,0.09205020920502092
bit_flip_noise,0.19515396489768763,519,0.11753371868978806,0.23282442748091603,0.0,2329.2442748091603,0.23282442748091603
bit_flip_noise,0.21998522083100358,498,0.08634538152610442,0.16666666666666666,0.0,1667.6666666666663,0.16666666666666666
bit_flip_noise,0.3063538547460837,490,0.1673469387755102,0.3333333333333333,0.0,3334.333333333333,0.3333333333333333
bit_flip_noise,0.21902536192177943,513,0.10136452241715399,0.20883534136546184,0.0,2089.353413654618,0.20883534136546184
bit_flip_noise,0.15614861786031448,462,0.05627705627705628,0.11659192825112108,0.0,1166.9192825112107,0.11659192825112108
bit_flip_noise,0.14348073432437028,503,0.073558648111332,0.14285714285714285,0.0,1429.5714285714282,0.14285714285714285
bit_flip_noise,0.16054108850325824,505,0.06336633663366337,0.14035087719298245,0.0,1404.5087719298242,0.14035087719298245
bit_flip_noise,0.23513723844139145,494,0.09919028340080972,0.19678714859437751,0.0,1968.871485943775,0.19678714859437751
bit_flip_noise,0.3062719084782672,508,0.13582677165354332,0.2839506172839506,0.0,2840.506172839506,0.2839506172839506
bit_flip_noise,0.1697859710851789,517,0.08704061895551257,0.18,0.0,1800.9999999999998,0.18
bit_flip_noise,0.10178705577394817,518,0.04247104247104247,0.08239700374531835,0.0,824.9700374531834,0.08239700374531835
bit_flip_noise,0.09809857978920178,510,0.052941176470588235,0.1062992125984252,0.0,1063.992125984252,0.1062992125984252
bit_flip_noise,0.26618471248033726,499,0.156312625250501,0.29213483146067415,0.0,2922.348314606741,0.29213483146067415
bit_flip_noise,0.2894676919298904,514,0.14980544747081712,0.29961089494163423,0.0,2997.108949416342,0.29961089494163423
bit_flip_noise,0.05474176635186123,510,0.01568627450980392,0.03389830508474576,0.0,339.98305084745766,0.03389830508474576
bit_flip_noise,0.04196442279520879,514,0.019455252918287938,0.0392156862745098,0.0,393.15686274509807,0.0392156862745098
bit_flip_noise,0.21616310903962907,512,0.107421875,0.2140077821011673,0.0,2141.0778210116728,0.2140077821011673
bit_flip_noise,0.06823717058359043,509,0.03536345776031434,0.0703125,0.0,704.125,0.0703125
bit_flip_noise,0.2921391828505926,497,0.1529175050301811,0.2980392156862745,0.0,2981.3921568627447,0.2980392156862745
bit_flip_noise,0.12241044239494456,523,0.06500956022944551,0.13333333333333333,0.0,1334.333333333333,0.13333333333333333
bit_flip_noise,0.06747773788047706,492,0.034552845528455285,0.07024793388429752,0.0,703.4793388429753,0.07024793388429752
bit_flip_noise,0.32392025592085855,507,0.15779092702169625,0.33755274261603374,0.0,3376.527426160337,0.33755274261603374
bit_flip_noise,0.07462546850264179,485,0.02268041237113402,0.044897959183673466,0.0,449.9795918367347,0.044897959183673466
bit_flip_noise,0.11395762717151872,500,0.042,0.08823529411764706,0.0,883.3529411764706,0.08823529411764706
bit_flip_noise,0.07069242041337934,507,0.055226824457593686,0.10526315789473684,0.0,1053.6315789473683,0.10526315789473684
bit_flip_noise,0.05811172100956713,501,0.017964071856287425,0.033962264150943396,0.0,340.62264150943395,0.033962264150943396
bit_flip_noise,0.02697884539102521,506,0.015810276679841896,0.031496062992125984,0.0,315.96062992125985,0.031496062992125984
bit_flip_noise,0.038280485024205835,514,0.013618677042801557,0.026615969581749048,0.0,267.15969581749044,0.026615969581749048
bit_flip_noise,0.07763168540883138,499,0.04008016032064128,0.08547008547008547,0.0,855.7008547008547,0.08547008547008547
bit_flip_noise,0.037616037766967876,495,0.014141414141414142,0.030303030303030304,0.0,304.030303030303,0.030303030303030304
bit_flip_noise,0.21507745931662048,529,0.11531190926275993,0.22509225092250923,0.0,2251.922509225092,0.22509225092250923
bit_flip_noise,0.24463579384383707,517,0.11218568665377177,0.23387096774193547,0.0,2339.7096774193546,0.23387096774193547
bit_flip_noise,0.1498980507545693,518,0.04633204633204633,0.10256410256410256,0.0,1026.6410256410256,0.10256410256410256
bit_flip_noise,0.1249370619941763,480,0.05416666666666667,0.11016949152542373,0.0,1102.6949152542372,0.11016949152542373
bit_flip_noise,0.1864936582173359,517,0.09090909090909091,0.1843137254901961,0.0,1844.1372549019607,0.1843137254901961
bit_flip_noise,0.3087516309374208,507,0.13806706114398423,0.2766798418972332,0.0,2767.798418972332,0.2766798418972332
bit_flip_noise,0.30087343685132795,525,0.14285714285714285,0.2819548872180451,0.0,2820.548872180451,0.2819548872180451
bit_flip_noise,0.03434677046422134,481,0.02079002079002079,0.0423728813559322,0.0,424.728813559322,0.0423728813559322
bit_flip_noise,0.07989447516685294,490,0.04081632653061224,0.07434944237918216,0.0,744.4944237918215,0.07434944237918216
bit_flip_noise,0.09812580746445068,504,0.051587301587301584,0.10358565737051793,0.0,1036.8565737051792,0.10358565737051793
bit_flip_noise,0.10229790002462989,502,0.045816733067729085,0.09349593495934959,0.0,935.9593495934959,0.09349593495934959
bit_flip_noise,0.20850677507511498,512,0.1171875,0.23904382470119523,0.0,2391.438247011952,0.23904382470119523
bit_flip_noise,0.15736660048205342,487,0.08008213552361396,0.16883116883116883,0.0,1689.3116883116882,0.16883116883116883
bit_flip_noise,0.03625385957610601,487,0.02053388090349076,0.040160642570281124,0.0,402.60642570281124,0.040160642570281124
bit_flip_noise,0.1432926656916586,492,0.08130081300813008,0.14925373134328357,0.0,1493.5373134328356,0.14925373134328357
bit_flip_noise,0.19283847307682025,513,0.10331384015594541,0.21370967741935484,0.0,2138.0967741935483,0.21370967741935484
bit_flip_noise,0.05355172795822627,513,0.023391812865497075,0.045627376425855515,0.0,457.27376425855516,0.045627376425855515
bit_flip_noise,0.2950413227502247,489,0.1574642126789366,0.3031496062992126,0.0,3032.496062992126,0.3031496062992126
bit_flip_noise,0.037147415933484404,506,0.017786561264822136,0.03557312252964427,0.0,356.73122529644274,0.03557312252964427
bit_flip_noise,0.3251978167759605,491,0.1690427698574338,0.31203007518796994,0.0,3121.300751879699,0.31203007518796994
bit_flip_noise,0.05270733672135891,523,0.021032504780114723,0.042801556420233464,0.0,429.01556420233464,0.042801556420233464
bit_flip_noise,0.29837973402725837,505,0.14455445544554454,0.3093220338983051,0.0,3094.2203389830506,0.3093220338983051
bit_flip_noise,0.31787553749611364,506,0.15612648221343872,0.3134920634920635,0.0,3135.9206349206347,0.3134920634920635
bit_flip_noise,0.3432583245935756,476,0.1722689075630252,0.35344827586206895,0.0,3535.4827586206893,0.35344827586206895
bit_flip_noise,0.28466854049028584,506,0.1482213438735178,0.2840909090909091,0.0,2841.909090909091,0.2840909090909091
bit_flip_noise,0.27722758845453854,471,0.12738853503184713,0.2702702702702703,0.0,2703.7027027027025,0.2702702702702703
bit_flip_noise,0.23201948107853068,494,0.12550607287449392,0.28440366972477066,0.0,2845.0366972477063,0.28440366972477066
