Threat Level P(Att),Channel Noise,FRR Policy A (Point 11%),FRR Policy B (UCB 11%),FRR Policy C [Monitor=Alert],FRR Policy C [Monitor=Accept]
0.1,0.0,0.0,0.0,0.0,0.0
0.5,0.0,0.0,0.0,1.0,0.0
0.9,0.0,0.0,0.0,1.0,1.0
0.1,0.03333333333333333,0.0,0.0,0.0,0.0
0.5,0.03333333333333333,0.0,0.0,1.0,0.0
0.9,0.03333333333333333,0.0,0.0,1.0,1.0
0.1,0.06666666666666667,0.0,0.0,0.0,0.0
0.5,0.06666666666666667,0.0,0.0,1.0,0.0
0.9,0.06666666666666667,0.0,0.0,1.0,1.0
0.1,0.1,0.0,0.0,0.02,0.0
0.5,0.1,0.0,0.0,1.0,0.02
0.9,0.1,0.0,0.0,1.0,1.0
0.1,0.13333333333333333,0.0,0.04,0.1,0.02
0.5,0.13333333333333333,0.0,0.04,1.0,0.1
0.9,0.13333333333333333,0.0,0.04,1.0,1.0
0.1,0.16666666666666666,0.04,0.42,0.56,0.16
0.5,0.16666666666666666,0.04,0.42,1.0,0.6
0.9,0.16666666666666666,0.04,0.42,1.0,1.0
0.1,0.2,0.3,0.78,0.84,0.42
0.5,0.2,0.3,0.78,1.0,0.86
0.9,0.2,0.3,0.78,1.0,1.0
