Threat Level P(Att),Channel Noise,Eve Fraction,DetRate Policy A,MissRate Policy A,DetRate Policy B,MissRate Policy B,DetRate Policy C [Monitor=Alert],MissRate Policy C [Monitor=Alert],DetRate Policy C [Monitor=Accept],MissRate Policy C [Monitor=Accept]
0.1,0.0,0.0,0.0,1.0,0.0,1.0,0.0,1.0,0.0,1.0
0.5,0.0,0.0,0.0,1.0,0.0,1.0,1.0,0.0,0.0,1.0
0.9,0.0,0.0,0.0,1.0,0.0,1.0,1.0,0.0,1.0,0.0
0.1,0.0,0.16666666666666666,0.0,1.0,0.0,1.0,0.0,1.0,0.0,1.0
0.5,0.0,0.16666666666666666,0.0,1.0,0.0,1.0,1.0,0.0,0.0,1.0
0.9,0.0,0.16666666666666666,0.0,1.0,0.0,1.0,1.0,0.0,1.0,0.0
0.1,0.0,0.3333333333333333,0.0,1.0,0.24,0.76,0.42,0.5800000000000001,0.0,1.0
0.5,0.0,0.3333333333333333,0.0,1.0,0.24,0.76,1.0,0.0,0.48,0.52
0.9,0.0,0.3333333333333333,0.0,1.0,0.24,0.76,1.0,0.0,1.0,0.0
0.1,0.0,0.5,0.94,0.06000000000000005,1.0,0.0,1.0,0.0,1.0,0.0
0.5,0.0,0.5,0.94,0.06000000000000005,1.0,0.0,1.0,0.0,1.0,0.0
0.9,0.0,0.5,0.94,0.06000000000000005,1.0,0.0,1.0,0.0,1.0,0.0
0.1,0.0,0.6666666666666666,1.0,0.0,1.0,0.0,1.0,0.0,1.0,0.0
0.5,0.0,0.6666666666666666,1.0,0.0,1.0,0.0,1.0,0.0,1.0,0.0
0.9,0.0,0.6666666666666666,1.0,0.0,1.0,0.0,1.0,0.0,1.0,0.0
0.1,0.0,0.8333333333333333,1.0,0.0,1.0,0.0,1.0,0.0,1.0,0.0
0.5,0.0,0.8333333333333333,1.0,0.0,1.0,0.0,1.0,0.0,1.0,0.0
0.9,0.0,0.8333333333333333,1.0,0.0,1.0,0.0,1.0,0.0,1.0,0.0
0.1,0.0,1.0,1.0,0.0,1.0,0.0,1.0,0.0,1.0,0.0
0.5,0.0,1.0,1.0,0.0,1.0,0.0,1.0,0.0,1.0,0.0
0.9,0.0,1.0,1.0,0.0,1.0,0.0,1.0,0.0,1.0,0.0
0.1,0.05,0.0,0.0,1.0,0.0,1.0,0.0,1.0,0.0,1.0
0.5,0.05,0.0,0.0,1.0,0.0,1.0,1.0,0.0,0.0,1.0
0.9,0.05,0.0,0.0,1.0,0.0,1.0,1.0,0.0,1.0,0.0
0.1,0.05,0.16666666666666666,0.0,1.0,0.02,0.98,0.04,0.96,0.0,1.0
0.5,0.05,0.16666666666666666,0.0,1.0,0.02,0.98,1.0,0.0,0.04,0.96
0.9,0.05,0.16666666666666666,0.0,1.0,0.02,0.98,1.0,0.0,1.0,0.0
0.1,0.05,0.3333333333333333,0.3,0.7,0.9,0.09999999999999998,0.96,0.040000000000000036,0.5,0.5
0.5,0.05,0.3333333333333333,0.3,0.7,0.9,0.09999999999999998,1.0,0.0,0.96,0.040000000000000036
0.9,0.05,0.3333333333333333,0.3,0.7,0.9,0.09999999999999998,1.0,0.0,1.0,0.0
0.1,0.05,0.5,1.0,0.0,1.0,0.0,1.0,0.0,1.0,0.0
0.5,0.05,0.5,1.0,0.0,1.0,0.0,1.0,0.0,1.0,0.0
0.9,0.05,0.5,1.0,0.0,1.0,0.0,1.0,0.0,1.0,0.0
0.1,0.05,0.6666666666666666,1.0,0.0,1.0,0.0,1.0,0.0,1.0,0.0
0.5,0.05,0.6666666666666666,1.0,0.0,1.0,0.0,1.0,0.0,1.0,0.0
0.9,0.05,0.6666666666666666,1.0,0.0,1.0,0.0,1.0,0.0,1.0,0.0
0.1,0.05,0.8333333333333333,1.0,0.0,1.0,0.0,1.0,0.0,1.0,0.0
0.5,0.05,0.8333333333333333,1.0,0.0,1.0,0.0,1.0,0.0,1.0,0.0
0.9,0.05,0.8333333333333333,1.0,0.0,1.0,0.0,1.0,0.0,1.0,0.0
0.1,0.05,1.0,1.0,0.0,1.0,0.0,1.0,0.0,1.0,0.0
0.5,0.05,1.0,1.0,0.0,1.0,0.0,1.0,0.0,1.0,0.0
0.9,0.05,1.0,1.0,0.0,1.0,0.0,1.0,0.0,1.0,0.0
0.1,0.1,0.0,0.0,1.0,0.0,1.0,0.02,0.98,0.0,1.0
0.5,0.1,0.0,0.0,1.0,0.0,1.0,1.0,0.0,0.04,0.96
0.9,0.1,0.0,0.0,1.0,0.0,1.0,1.0,0.0,1.0,0.0
0.1,0.1,0.16666666666666666,0.06,0.94,0.5,0.5,0.6,0.4,0.1,0.9
0.5,0.1,0.16666666666666666,0.06,0.94,0.5,0.5,1.0,0.0,0.64,0.36
0.9,0.1,0.16666666666666666,0.06,0.94,0.5,0.5,1.0,0.0,1.0,0.0
0.1,0.1,0.3333333333333333,0.7,0.30000000000000004,1.0,0.0,1.0,0.0,0.82,0.18000000000000005
0.5,0.1,0.3333333333333333,0.7,0.30000000000000004,1.0,0.0,1.0,0.0,1.0,0.0
0.9,0.1,0.3333333333333333,0.7,0.30000000000000004,1.0,0.0,1.0,0.0,1.0,0.0
0.1,0.1,0.5,1.0,0.0,1.0,0.0,1.0,0.0,1.0,0.0
0.5,0.1,0.5,1.0,0.0,1.0,0.0,1.0,0.0,1.0,0.0
0.9,0.1,0.5,1.0,0.0,1.0,0.0,1.0,0.0,1.0,0.0
0.1,0.1,0.6666666666666666,1.0,0.0,1.0,0.0,1.0,0.0,1.0,0.0
0.5,0.1,0.6666666666666666,1.0,0.0,1.0,0.0,1.0,0.0,1.0,0.0
0.9,0.1,0.6666666666666666,1.0,0.0,1.0,0.0,1.0,0.0,1.0,0.0
0.1,0.1,0.8333333333333333,1.0,0.0,1.0,0.0,1.0,0.0,1.0,0.0
0.5,0.1,0.8333333333333333,1.0,0.0,1.0,0.0,1.0,0.0,1.0,0.0
0.9,0.1,0.8333333333333333,1.0,0.0,1.0,0.0,1.0,0.0,1.0,0.0
0.1,0.1,1.0,1.0,0.0,1.0,0.0,1.0,0.0,1.0,0.0
0.5,0.1,1.0,1.0,0.0,1.0,0.0,1.0,0.0,1.0,0.0
0.9,0.1,1.0,1.0,0.0,1.0,0.0,1.0,0.0,1.0,0.0
